Timestamp,Temperature,Precip,Humidity,Dew Point,Radiation,UV Index,Wind Speed,Wind Dir,Wind Gust,Pressure
2026-09-26 11:24:48-03:00,26.0,0.0,67.0,19.4,61.2,0.0,9.0,356,10.5,1011.92
2026-09-26 11:33:22-03:00,25.8,0.0,67.0,19.2,59.0,0.0,7.9,312,8.7,1012.02
2026-09-26 11:45:49-03:00,25.8,0.0,69.0,19.7,57.3,0.0,4.7,246,5.5,1011.41
2026-09-26 11:56:50-03:00,25.7,0.0,69.0,19.6,58.1,0.0,5.8,8,6.9,1011.82
2026-09-26 12:00:47-03:00,25.7,0.0,67.0,19.1,56.3,0.0,7.9,344,8.7,1011.72
2026-09-26 12:05:23-03:00,25.8,0.0,68.0,19.5,56.3,0.0,6.4,347,8.7,1011.51
2026-09-26 12:07:40-03:00,25.6,0.0,69.0,19.5,55.1,0.0,7.2,321,8.7,1011.51
2026-09-26 13:18:42-03:00,27.1,0.0,47.0,14.8,688.9,6.0,7.6,311,8.7,1011.24
2026-09-26 13:28:28-03:00,27.6,0.0,49.0,16.0,750.0,7.0,3.5,336,5.5,1011.04
2026-09-26 13:47:13-03:00,27.6,0.0,47.0,15.3,458.9,4.0,5.5,299,6.9,1010.84
2026-09-26 14:06:42-03:00,28.1,0.0,49.0,16.4,718.7,6.0,10.1,327,12.2,1010.74
2026-09-26 14:17:31-03:00,27.8,0.0,53.0,17.4,739.2,7.0,2.6,323,3.5,1010.53
2026-09-26 14:22:45-03:00,28.5,0.0,45.0,15.4,697.9,6.0,5.0,341,5.5,1010.63
2026-09-26 14:24:12-03:00,28.6,0.0,42.0,14.5,697.6,6.0,8.2,337,10.5,1010.63
2026-09-26 14:43:02-03:00,29.1,0.0,41.0,14.5,696.7,6.0,3.2,321,3.5,1010.23
2026-09-26 14:46:39-03:00,29.3,0.0,38.0,13.6,697.6,6.0,2.9,355,5.5,1010.13
2026-09-26 14:59:30-03:00,29.2,0.0,39.0,13.9,636.4,6.0,1.4,299,3.5,1010.13
2026-09-26 15:04:01-03:00,29.6,0.0,37.0,13.4,632.8,6.0,2.9,307,3.5,1010.33
2026-09-26 15:29:05-03:00,29.1,0.0,38.0,13.4,599.5,5.0,5.5,1,5.5,1010.13
2026-09-26 15:38:09-03:00,29.1,0.0,40.0,14.2,497.9,4.0,4.3,332,5.5,1010.23
2026-09-26 15:44:07-03:00,29.8,0.0,33.0,11.9,442.9,4.0,5.5,332,5.5,1010.13
2026-09-26 16:11:26-03:00,29.8,0.0,44.0,16.3,265.0,2.0,1.8,304,3.5,1010.02
2026-09-26 16:16:12-03:00,30.6,0.0,41.0,15.9,216.9,2.0,0.6,274,1.8,1010.23
2026-09-26 16:21:30-03:00,30.2,0.0,46.0,17.3,274.2,2.0,0.6,306,1.8,1010.23
2026-09-26 16:26:35-03:00,30.3,0.0,48.0,18.1,240.3,2.0,3.5,298,5.5,1010.33
2026-09-26 16:48:41-03:00,28.5,0.0,50.0,17.1,138.7,1.0,2.9,305,3.5,1010.53
2026-09-26 16:57:58-03:00,29.3,0.0,62.0,21.3,125.3,1.0,1.8,304,1.8,1010.43
2026-09-26 17:06:45-03:00,29.9,0.0,55.0,19.9,101.4,1.0,1.8,308,1.8,1010.53
2026-09-26 17:12:21-03:00,29.3,0.0,57.0,19.9,54.6,0.0,1.8,308,1.8,1010.33
2026-09-26 18:01:47-03:00,21.3,0.0,82.0,18.1,9.5,0.0,1.8,308,1.8,1010.84
2026-09-26 18:32:39-03:00,20.8,0.0,88.0,18.7,0.0,0.0,1.8,309,1.8,1011.04
2026-09-26 18:36:40-03:00,20.4,0.0,89.0,18.5,0.0,0.0,1.8,303,1.8,1011.04
2026-09-26 18:59:02-03:00,19.5,0.0,93.0,18.3,0.0,0.0,1.4,306,1.8,1011.31
2026-09-26 19:10:40-03:00,19.9,0.0,92.0,18.6,0.0,0.0,0.0,292,0.0,1011.41
2026-09-26 19:13:00-03:00,19.8,0.0,92.0,18.5,0.0,0.0,1.8,300,1.8,1011.41
2026-09-26 19:44:10-03:00,19.0,0.0,95.0,18.2,0.0,0.0,1.8,311,3.5,1011.72
2026-09-26 20:00:10-03:00,18.8,0.0,94.0,17.7,0.0,0.0,0.0,292,0.0,1012.02
2026-09-26 20:07:31-03:00,18.8,0.0,95.0,18.0,0.0,0.0,0.3,298,1.8,1012.23
2026-09-26 20:34:27-03:00,20.8,0.0,82.0,17.6,0.0,0.0,1.4,228,1.8,1012.63
2026-09-26 20:40:07-03:00,20.7,0.0,83.0,17.7,0.0,0.0,0.0,279,0.0,1012.83
2026-09-26 20:49:33-03:00,20.7,0.0,83.0,17.7,0.0,0.0,0.0,290,0.0,1012.63
2026-09-26 21:30:32-03:00,17.9,0.0,96.0,17.3,0.0,0.0,2.1,333,3.5,1012.83
2026-09-26 21:42:54-03:00,17.7,0.0,97.0,17.3,0.0,0.0,2.9,315,3.5,1013.04
2026-09-26 21:50:07-03:00,17.5,0.0,97.0,17.1,0.0,0.0,0.0,296,0.0,1013.14
2026-09-26 21:56:27-03:00,17.5,0.0,98.0,17.2,0.0,0.0,1.4,297,1.8,1013.24
2026-09-26 22:18:53-03:00,17.1,0.0,99.0,16.9,0.0,0.0,0.0,297,0.0,1013.24
2026-09-26 22:33:39-03:00,17.4,0.0,98.0,17.1,0.0,0.0,0.3,315,1.8,1013.41
2026-09-26 22:52:33-03:00,17.4,0.0,98.0,17.1,0.0,0.0,0.0,297,0.0,1013.24
2026-09-27 02:25:21-03:00,14.6,0.0,99.0,14.4,0.0,0.0,1.8,306,1.8,1012.83
2026-09-27 02:41:03-03:00,14.6,0.0,99.0,14.4,0.0,0.0,0.0,286,0.0,1012.83
2026-09-27 02:51:04-03:00,14.4,0.0,99.0,14.2,0.0,0.0,0.0,293,0.0,1012.53
2026-09-27 03:30:50-03:00,14.3,0.0,99.0,14.1,0.0,0.0,0.6,296,1.8,1012.23
2026-09-27 03:39:16-03:00,14.3,0.0,99.0,14.1,0.0,0.0,0.3,292,1.8,1012.43
2026-09-27 04:11:52-03:00,16.1,0.0,99.0,15.9,0.0,0.0,1.1,273,1.8,1011.82
2026-09-27 05:03:40-03:00,16.4,0.0,99.0,16.2,0.0,0.0,0.3,280,1.8,1011.51
2026-09-27 05:31:11-03:00,16.2,0.0,99.0,16.0,0.0,0.0,1.8,347,1.8,1011.82
2026-09-27 05:35:10-03:00,16.1,0.0,99.0,15.9,0.0,0.0,0.0,293,0.0,1011.82
2026-09-27 06:09:45-03:00,16.0,0.0,99.0,15.8,4.3,0.0,1.8,317,1.8,1012.02
2026-09-27 06:22:56-03:00,16.0,0.0,99.0,15.8,10.8,0.0,1.8,317,1.8,1012.53
2026-09-27 06:29:36-03:00,16.0,0.0,99.0,15.8,15.5,0.0,0.0,305,0.0,1012.53
2026-09-27 06:33:04-03:00,15.9,0.0,99.0,15.7,17.3,0.0,1.4,332,1.8,1012.43
2026-09-27 06:57:23-03:00,16.2,0.0,99.0,16.0,32.1,0.0,1.1,316,1.8,1012.83
2026-09-27 07:03:27-03:00,16.4,0.0,99.0,16.2,42.0,0.0,1.4,308,1.8,1012.94
2026-09-27 07:11:44-03:00,16.5,0.0,99.0,16.3,42.5,0.0,1.4,310,1.8,1013.24
2026-09-27 07:31:05-03:00,17.1,0.0,98.0,16.8,103.6,1.0,3.2,340,3.5,1013.41
2026-09-27 07:36:30-03:00,17.3,0.0,96.0,16.7,108.9,1.0,2.6,22,3.5,1013.51
2026-09-27 07:43:25-03:00,17.7,0.0,95.0,16.9,115.4,1.0,1.4,316,1.8,1013.51
2026-09-27 07:49:11-03:00,18.6,0.0,92.0,17.3,169.1,1.0,1.4,336,1.8,1013.51
2026-09-27 08:56:47-03:00,21.2,0.0,78.0,17.2,459.4,4.0,2.6,62,3.5,1014.12
2026-09-27 09:11:15-03:00,21.6,0.0,77.0,17.4,509.7,4.0,3.5,48,5.5,1014.53
2026-09-27 09:23:27-03:00,21.9,0.0,76.0,17.5,532.3,5.0,3.2,177,3.5,1014.43
2026-09-27 09:31:39-03:00,22.0,0.0,76.0,17.6,487.1,4.0,0.6,358,1.8,1014.53
2026-09-27 09:56:06-03:00,22.5,0.0,75.0,17.9,607.8,5.0,2.1,289,3.5,1014.63
2026-09-27 10:08:42-03:00,22.8,0.0,73.0,17.7,635.9,6.0,4.7,80,6.9,1014.73
2026-09-27 10:16:07-03:00,23.1,0.0,72.0,17.8,646.8,6.0,3.2,15,3.5,1014.83
2026-09-27 10:20:25-03:00,23.3,0.0,72.0,18.0,639.3,6.0,2.1,336,3.5,1014.53
2026-09-27 10:53:12-03:00,23.7,0.0,74.0,18.8,710.5,6.0,1.8,345,1.8,1014.22
2026-09-27 11:05:22-03:00,24.1,0.0,70.0,18.3,583.9,5.0,2.9,185,3.5,1013.92
2026-09-27 11:16:08-03:00,23.9,0.0,72.0,18.5,99.3,0.0,2.9,240,5.5,1014.02
2026-09-27 11:19:22-03:00,24.2,0.0,70.0,18.4,82.3,0.0,3.5,103,5.5,1014.02
